,round_epochs,loss,val_loss,nr_layers,hidden_layer_size,activation,dropout,lr,average_train_loss,average_test_loss
111,100,0.341349156901281,0.354034254675966,4,32,ReLU(),0.1,0.01,0.8773742885213757,0.5588747599767507
99,100,0.3398807781908041,0.3322148578977142,4,16,ReLU(),0.1,0.01,0.8767884148970656,0.5749670114751653
102,100,0.3373765607881643,0.3632317560526106,4,16,LeakyReLU(negative_slope=0.01),0.05,0.01,0.8959019929288853,0.5943858123253514
114,100,0.3302330066019018,0.3687718027877825,4,32,LeakyReLU(negative_slope=0.01),0.05,0.01,0.8714111812917206,0.5980116253181219
96,100,0.3656159706980111,0.3750555219056626,4,16,ReLU(),0.05,0.01,0.9076929836119499,0.6028105866310995
117,100,0.3387077666484546,0.4452293825025704,4,32,LeakyReLU(negative_slope=0.01),0.1,0.01,0.8855982719346608,0.6289653205471274
126,100,0.3544534595693408,0.4855428014447585,4,64,LeakyReLU(negative_slope=0.01),0.05,0.01,0.8969282061796956,0.6383020909009036
105,100,0.40324294081677,0.4214915150698022,4,16,LeakyReLU(negative_slope=0.01),0.1,0.01,0.9423264355258997,0.6392384931530821
108,100,0.400224198205971,0.410014203134103,4,32,ReLU(),0.05,0.01,0.916300092708314,0.6413401232824014
129,100,0.3972535353021718,0.4919806067001615,4,64,LeakyReLU(negative_slope=0.01),0.1,0.01,0.9356534404628332,0.6766844338291336
120,100,0.3734020314784528,0.5614526784977613,4,64,ReLU(),0.05,0.01,0.9209110508536827,0.7504547874844572
132,100,0.3992969553744318,0.5019162960965137,4,128,ReLU(),0.05,0.01,0.9508796037707334,0.7554007521330703
48,100,0.4893197334234234,0.5210226566161608,3,16,ReLU(),0.05,0.01,1.0511119312130845,0.8114581278097053
138,100,0.4344884837972219,0.5374147905120441,4,128,LeakyReLU(negative_slope=0.01),0.05,0.01,0.9741168354873476,0.8201726626823159
51,100,0.607465539238606,0.543562195429102,3,16,ReLU(),0.1,0.01,1.0920981742533546,0.8371489647882108
69,100,0.5414787207669819,0.5682391902771318,3,32,LeakyReLU(negative_slope=0.01),0.1,0.01,1.0358143828409287,0.8428628527728123
54,100,0.6071865243435987,0.5879614192753848,3,16,LeakyReLU(negative_slope=0.01),0.05,0.01,1.0776785907233306,0.8490842744385023
57,100,0.4901387975423741,0.5482299566975223,3,16,LeakyReLU(negative_slope=0.01),0.1,0.01,1.034389117882363,0.858334698958614
135,100,0.4227418300660562,0.6850074233694429,4,128,ReLU(),0.1,0.01,0.9777768734904803,0.89935032712829
123,100,0.5129490954327837,0.6127031537120461,4,64,ReLU(),0.1,0.01,1.032029036577554,0.9427530107312273
81,100,0.529692538213541,1.0050956166619274,3,64,LeakyReLU(negative_slope=0.01),0.1,0.01,1.0101217190915102,0.9647361458375537
141,100,0.4100411297012071,0.6946365231677136,4,128,LeakyReLU(negative_slope=0.01),0.1,0.01,0.9452454841740652,0.9823423895756314
60,100,0.4941338568246461,0.6963232425811534,3,32,ReLU(),0.05,0.01,1.0229540382344795,1.0269533707045277
66,100,0.6144749149697014,1.0241214864287331,3,32,LeakyReLU(negative_slope=0.01),0.05,0.01,1.1193007308062968,1.0594284532527616
78,100,0.5027297114181921,1.0821194465886608,3,64,LeakyReLU(negative_slope=0.01),0.05,0.01,1.0218760520959966,1.074428800685084
75,100,0.5220495125793735,0.8403537806038431,3,64,ReLU(),0.1,0.01,1.0254662227408857,1.082525850525124
63,100,0.6817742184567002,1.135263576723517,3,32,ReLU(),0.1,0.01,1.1520222150988195,1.2106531283088435
9,100,1.1877417148846166,1.1555472182663158,2,16,LeakyReLU(negative_slope=0.01),0.1,0.01,1.587803568806138,1.311917199918814
0,100,0.9001516062746256,1.064504449370525,2,16,ReLU(),0.05,0.01,1.4359325770797735,1.341478146679619
6,100,1.1545852574923277,1.5144523694560064,2,16,LeakyReLU(negative_slope=0.01),0.05,0.01,1.6497614421008049,1.4039190634618333
18,100,1.1673168774049465,1.2322889992140682,2,32,LeakyReLU(negative_slope=0.01),0.05,0.01,1.552860971472042,1.4309550296203744
90,100,0.7480081006998444,1.2395848875634017,3,128,LeakyReLU(negative_slope=0.01),0.05,0.01,1.2021800860991498,1.5028417058413515
72,100,0.7164202499624771,1.6012893594278903,3,64,ReLU(),0.05,0.01,1.1568265109898188,1.5044003151078567
87,100,0.761296233984354,1.0550949964818794,3,128,ReLU(),0.1,0.01,1.2332435201732401,1.526645892241888
84,100,0.691407107619391,2.2399697327454806,3,128,ReLU(),0.05,0.01,1.1600632313405483,1.7590102356872739
21,100,1.2318034870213137,1.976734160485602,2,32,LeakyReLU(negative_slope=0.01),0.1,0.01,1.6609486705824656,1.8825901588090244
15,100,1.348545660114688,1.8398472268191943,2,32,ReLU(),0.1,0.01,1.7867661285779493,1.9003776506354664
12,100,1.3101414362684702,1.7315641741584011,2,32,ReLU(),0.05,0.01,1.7151223568187097,1.9279024573512566
93,100,0.881492956325967,1.8149587469892057,3,128,LeakyReLU(negative_slope=0.01),0.1,0.01,1.3835529702012892,2.0708086353049437
27,100,1.0671911918379622,1.6006673831501856,2,64,ReLU(),0.1,0.01,1.6018283549768626,2.3167313278757042
30,100,1.0379833184578873,1.7254759700794926,2,64,LeakyReLU(negative_slope=0.01),0.05,0.01,1.5194910293602006,2.347477125532681
3,100,1.7937431597553315,1.915103107862502,2,16,ReLU(),0.1,0.01,2.4329005999706657,2.422635239834018
33,100,1.3931540563168072,2.400510741046884,2,64,LeakyReLU(negative_slope=0.01),0.1,0.01,1.7241627877421342,2.489119315026521
24,100,1.1845258381790795,3.0386435471163407,2,64,ReLU(),0.05,0.01,1.6425324084411195,2.536618580804414
45,100,1.2870553236812134,2.670979095457748,2,128,LeakyReLU(negative_slope=0.01),0.1,0.01,1.7097535636957313,2.595104546789959
39,100,1.286064191742312,2.7165491793626804,2,128,ReLU(),0.1,0.01,1.7176548196173966,2.90123679119126
42,100,1.212130405276174,2.3652575282367265,2,128,LeakyReLU(negative_slope=0.01),0.05,0.01,1.6303994793587924,3.0512483172069125
36,100,1.1141179941992936,3.146209455027319,2,128,ReLU(),0.05,0.01,1.4818002898961933,3.639313211408337
121,100,6.361076873209399,5.989052001785834,4,64,ReLU(),0.05,0.001,10.253232668048764,9.404741411006245
136,100,9.851127659378465,8.724444035333336,4,128,ReLU(),0.1,0.001,12.73070862634574,11.554758977540608
100,100,9.943090336069798,9.895639344641564,4,16,ReLU(),0.1,0.001,13.225313963233175,12.612763279728702
16,100,11.420431833213357,12.336957101441117,2,32,ReLU(),0.1,0.001,14.01709334605909,13.362956928966577
109,100,10.97639320221978,11.182908753375562,4,32,ReLU(),0.05,0.001,14.415661532252969,13.465590311465114
91,100,12.337761594930877,11.856988171266698,3,128,LeakyReLU(negative_slope=0.01),0.05,0.001,14.928476051786733,13.806876222903602
112,100,11.993107756011227,11.541267950351234,4,32,ReLU(),0.1,0.001,15.014174990411483,13.966032710701144
58,100,12.790952296873538,12.504283037725642,3,16,LeakyReLU(negative_slope=0.01),0.1,0.001,15.487347624347189,14.611212458652039
94,100,13.461269182484422,12.985916257328247,3,128,LeakyReLU(negative_slope=0.01),0.1,0.001,16.06537989300817,14.925500550325323
82,100,14.872220167584183,14.34546669649827,3,64,LeakyReLU(negative_slope=0.01),0.1,0.001,17.287997991532027,16.280650637708803
133,100,15.629562350546726,14.329540615252052,4,128,ReLU(),0.05,0.001,18.10484460258332,16.43711069913861
118,100,14.945393943767174,13.95103839006776,4,32,LeakyReLU(negative_slope=0.01),0.1,0.001,17.60333349198764,16.488209022192102
40,100,14.13494373868761,15.399418534130929,2,128,ReLU(),0.1,0.001,16.22335267387181,16.498440867500996
34,100,15.110048684859228,15.475458728042378,2,64,LeakyReLU(negative_slope=0.01),0.1,0.001,17.14510319363477,16.63142498166439
13,100,16.252971879058382,15.552680674972123,2,32,ReLU(),0.05,0.001,18.419969409985175,17.135054381484164
142,100,17.003124873917802,15.790236858063023,4,128,LeakyReLU(negative_slope=0.01),0.1,0.001,19.276737079916145,17.595342831838693
79,100,16.85711848609378,15.824820064149272,3,64,LeakyReLU(negative_slope=0.01),0.05,0.001,19.18719312698911,17.963408955444326
97,100,16.636036017323065,15.575266776572072,4,16,ReLU(),0.05,0.001,18.895932037077895,18.076406306863408
103,100,18.2641605561542,17.77035489624603,4,16,LeakyReLU(negative_slope=0.01),0.05,0.001,20.544020681829497,19.528897254642537
25,100,19.05301197665053,18.41826611727409,2,64,ReLU(),0.05,0.001,20.594313060025712,19.76442623067612
127,100,19.53604576775044,17.787817154515988,4,64,LeakyReLU(negative_slope=0.01),0.05,0.001,21.25187651126063,19.843321897662655
124,100,19.84152955888476,18.582944031042206,4,64,ReLU(),0.1,0.001,21.666280867877244,20.42732910662449
85,100,21.05060287613948,19.32781579637306,3,128,ReLU(),0.05,0.001,22.637603034021854,21.098696439943975
130,100,21.610919968530443,19.938588090842018,4,64,LeakyReLU(negative_slope=0.01),0.1,0.001,23.18767799149755,21.480277099443423
139,100,22.195407962267552,21.02116195832102,4,128,LeakyReLU(negative_slope=0.01),0.05,0.001,23.892131102292293,22.27314455522667
88,100,23.27657619003616,21.3916895215598,3,128,ReLU(),0.1,0.001,24.62382803761765,22.625311234733136
73,100,24.041087073316422,22.89305644961894,3,64,ReLU(),0.05,0.001,25.51094728642295,23.78368766846772
10,100,23.481611175297388,22.283358856107103,2,16,LeakyReLU(negative_slope=0.01),0.1,0.001,25.738959498921744,24.352067891296212
106,100,23.414925759126472,23.24307940191802,4,16,LeakyReLU(negative_slope=0.01),0.1,0.001,25.069149360613487,24.649601838152577
55,100,24.78498372411976,24.17882124858912,3,16,LeakyReLU(negative_slope=0.01),0.05,0.001,26.412785588523434,25.05618949259466
64,100,26.847270000519117,24.476801220934487,3,32,ReLU(),0.1,0.001,27.702978131834087,25.65593054164382
70,100,27.664362239081733,26.0165313151291,3,32,LeakyReLU(negative_slope=0.01),0.1,0.001,29.178576920329323,27.267663344601168
22,100,27.678498521111184,25.941345121334475,2,32,LeakyReLU(negative_slope=0.01),0.1,0.001,29.379035081837145,27.30459457813914
28,100,28.421423871709795,26.61289565623825,2,64,ReLU(),0.1,0.001,29.603313646819664,27.910515588215162
115,100,26.87414833514335,26.81362736112133,4,32,LeakyReLU(negative_slope=0.01),0.05,0.001,28.850729487335474,27.996180451531632
46,100,32.18503483281858,29.580980804532725,2,128,LeakyReLU(negative_slope=0.01),0.1,0.001,33.33707971010108,31.275918955256394
19,100,32.83463689294202,31.023149014501016,2,32,LeakyReLU(negative_slope=0.01),0.05,0.001,33.71934151127596,31.421116715310518
4,100,32.485038452387585,31.345280936177804,2,16,ReLU(),0.1,0.001,33.478224383661384,31.43360610223904
52,100,33.29617612221303,31.51938594963812,3,16,ReLU(),0.1,0.001,34.19601547380405,32.309998413612476
67,100,35.09928921343692,33.836498329928496,3,32,LeakyReLU(negative_slope=0.01),0.05,0.001,36.322706523802744,34.12201105348587
49,100,35.473825431372504,34.46865382563618,3,16,ReLU(),0.05,0.001,36.35225120406953,35.13603182678712
61,100,36.550794455248784,35.56290443611153,3,32,ReLU(),0.05,0.001,37.712780564607414,35.99742477316049
37,100,38.49911970254484,35.59019041863972,2,128,ReLU(),0.05,0.001,39.56328041333455,36.47166090170904
43,100,40.66719986469732,37.416021236876645,2,128,LeakyReLU(negative_slope=0.01),0.05,0.001,40.86890736074562,38.028070065124204
31,100,41.1855257346686,38.54164119478741,2,64,LeakyReLU(negative_slope=0.01),0.05,0.001,41.7207524371191,38.5513740316484
76,100,45.54336682975116,43.82331410829806,3,64,ReLU(),0.1,0.001,46.28976968217698,43.922277668089826
7,100,47.62801286824473,45.59873052313992,2,16,LeakyReLU(negative_slope=0.01),0.05,0.001,46.757822913351326,44.17374595258622
1,100,48.67205584126894,47.35157834050326,2,16,ReLU(),0.05,0.001,49.13889641222161,47.1445209630564
41,100,63.13738856606141,61.27603102888475,2,128,ReLU(),0.1,0.0001,63.66431997205149,62.01272918784628
89,100,63.42357646049183,63.11834948248063,3,128,ReLU(),0.1,0.0001,64.27151270815367,63.48987453601097
26,100,64.29149062976781,63.11405461479018,2,64,ReLU(),0.05,0.0001,65.08379527834244,64.14796131836658
47,100,67.45313257125426,65.93748140816162,2,128,LeakyReLU(negative_slope=0.01),0.1,0.0001,67.43466148261419,66.5079243967328
80,100,66.87230531681813,67.94197999583089,3,64,LeakyReLU(negative_slope=0.01),0.05,0.0001,67.95271851472232,68.00927494349855
86,100,69.09956511827627,69.57766851168896,3,128,ReLU(),0.05,0.0001,69.60872805689316,69.55563297817724
38,100,70.56094730775033,70.18605470003106,2,128,ReLU(),0.05,0.0001,70.8896593750357,70.58352144331417
134,100,69.878145491514,70.12071727044146,4,128,ReLU(),0.05,0.0001,70.451176939169,70.65395270608389
74,100,71.99478951411463,72.45260108705007,3,64,ReLU(),0.05,0.0001,72.39541443576356,72.52587370248146
92,100,73.52970173233226,73.88890682206676,3,128,LeakyReLU(negative_slope=0.01),0.05,0.0001,73.95042713341901,74.08748696309398
44,100,73.7988696468724,74.80352902592162,2,128,LeakyReLU(negative_slope=0.01),0.05,0.0001,73.9794150390887,74.08835188438314
32,100,74.41200591645791,73.45109246505741,2,64,LeakyReLU(negative_slope=0.01),0.05,0.0001,74.22101529356267,74.35702714629912
95,100,74.40302792391851,75.10005812598158,3,128,LeakyReLU(negative_slope=0.01),0.1,0.0001,74.74310872157295,74.91059685431071
20,100,74.60222508913444,74.00531565943032,2,32,LeakyReLU(negative_slope=0.01),0.05,0.0001,74.86054616646413,75.10956211479396
62,100,75.6680999837872,76.26961804635664,3,32,ReLU(),0.05,0.0001,75.86413686469581,76.10920449124741
17,100,76.37906337817225,76.19672803038425,2,32,ReLU(),0.1,0.0001,76.06501384488483,76.21539659195014
35,100,76.59133210173266,76.44294088243271,2,64,LeakyReLU(negative_slope=0.01),0.1,0.0001,76.41536074212573,76.69432962768252
59,100,76.62216112955363,77.03901531948753,3,16,LeakyReLU(negative_slope=0.01),0.1,0.0001,76.72401192597124,76.96624874729508
23,100,77.25861479291221,77.30063319468712,2,32,LeakyReLU(negative_slope=0.01),0.1,0.0001,77.4003636091501,77.6193739054505
110,100,77.25372974974272,77.23880076500218,4,32,ReLU(),0.05,0.0001,77.50684162816174,77.70027669580843
140,100,77.74110455647836,78.09872837317434,4,128,LeakyReLU(negative_slope=0.01),0.05,0.0001,77.87799982137808,78.15021045167458
83,100,78.08655706145029,78.49623720020715,3,64,LeakyReLU(negative_slope=0.01),0.1,0.0001,77.96087743549147,78.20963988450322
14,100,78.71635920176075,78.51522371622272,2,32,ReLU(),0.05,0.0001,78.04754737948679,78.38735727395343
113,100,78.55404359507011,78.76648925386336,4,32,ReLU(),0.1,0.0001,78.53196088050723,78.74979855045541
29,100,78.33717950972992,78.99698704480622,2,64,ReLU(),0.1,0.0001,78.56787459378552,78.7770418559431
77,100,78.45419152428369,78.48964871039647,3,64,ReLU(),0.1,0.0001,78.6250628454902,78.79564450445737
11,100,79.47683949619585,79.0877986387415,2,16,LeakyReLU(negative_slope=0.01),0.1,0.0001,78.96441464079138,79.15181266619742
65,100,79.03421729931368,78.95048534480846,3,32,ReLU(),0.1,0.0001,78.9296386140688,79.19332147372836
107,100,79.31966036087246,79.53030422912006,4,16,LeakyReLU(negative_slope=0.01),0.1,0.0001,79.31729904173062,79.57951734031582
131,100,79.79366573139167,80.15508542821702,4,64,LeakyReLU(negative_slope=0.01),0.1,0.0001,79.9331368193375,80.17554867167118
53,100,80.12989835991894,80.36304520646262,3,16,ReLU(),0.1,0.0001,80.0032109295492,80.27038002306509
56,100,79.81830832346994,80.56968687361415,3,16,LeakyReLU(negative_slope=0.01),0.05,0.0001,80.15566842504012,80.39686409500636
50,100,79.88446662475033,80.62762432672822,3,16,ReLU(),0.05,0.0001,80.18395522532161,80.4099994551874
104,100,80.18967877838656,80.37176737001703,4,16,LeakyReLU(negative_slope=0.01),0.05,0.0001,80.24160699663445,80.50992834289814
125,100,80.39372264155587,80.71578688195711,4,64,ReLU(),0.1,0.0001,80.46765999909472,80.71162129026062
71,100,80.4328111287765,80.44032270531007,3,32,LeakyReLU(negative_slope=0.01),0.1,0.0001,80.51686619708073,80.83605206966762
137,100,80.86710343604918,81.21797237440308,4,128,ReLU(),0.1,0.0001,80.91630284808755,81.16513555917948
128,100,81.19386696757353,81.48459809657484,4,64,LeakyReLU(negative_slope=0.01),0.05,0.0001,81.30637574119125,81.56070491099298
143,100,81.4990513376857,81.67634910965963,4,128,LeakyReLU(negative_slope=0.01),0.1,0.0001,81.59821393835378,81.83928326328008
119,100,81.6373840618398,81.946376096563,4,32,LeakyReLU(negative_slope=0.01),0.1,0.0001,81.62699895255399,81.87293660514635
122,100,81.76445799278092,82.3808216024495,4,64,ReLU(),0.05,0.0001,81.9428441118728,82.20802519295566
8,100,82.52749230032617,82.2942818704288,2,16,LeakyReLU(negative_slope=0.01),0.05,0.0001,82.25760727597832,82.59956946923003
101,100,82.532761500778,82.71945276975502,4,16,ReLU(),0.1,0.0001,82.7296856815969,82.93621064407773
98,100,82.83511987872299,83.25532643102942,4,16,ReLU(),0.05,0.0001,82.88588938460771,83.18197053683947
5,100,84.5052421189879,84.7282067677907,2,16,ReLU(),0.1,0.0001,84.09044970555824,84.08481140387934
116,100,83.81113690330697,84.06979248693112,4,32,LeakyReLU(negative_slope=0.01),0.05,0.0001,83.89241259144724,84.14231089348408
2,100,84.64302854177492,84.26855767992215,2,16,ReLU(),0.05,0.0001,84.91631432572716,84.99666099922553
68,100,85.66166111427059,85.38967969982701,3,32,LeakyReLU(negative_slope=0.01),0.05,0.0001,85.6323131140854,85.85879327252856
